,DATE,Under,Total,underpct,cont
0,1955-05-01,2063.0,64381,3.204361535235551,US
1,1955-06-01,1982.0,64482,3.0737260010545575,US
2,1955-07-01,2123.0,65145,3.258884027937677,US
3,1955-08-01,2203.0,65581,3.359204647687592,US
4,1955-09-01,2133.0,65628,3.250137136588042,US
5,1955-10-01,2093.0,65821,3.179836222482187,US
6,1955-11-01,2199.0,66037,3.3299513908869267,US
7,1955-12-01,2149.0,66445,3.2342538941982095,US
8,1956-01-01,2149.0,66419,3.235519956638914,US
9,1956-02-01,2087.0,66124,3.1561913979795535,US
10,1956-03-01,1980.0,66175,2.9920664903664527,US
11,1956-04-01,2051.0,66264,3.095194977665097,US
12,1956-05-01,2194.0,66722,3.28827073528971,US
13,1956-06-01,2331.0,66702,3.494647836646577,US
14,1956-07-01,2287.0,66752,3.4261145733461165,US
15,1956-08-01,2353.0,66673,3.5291647293507116,US
16,1956-09-01,2399.0,66714,3.5959468777168215,US
17,1956-10-01,2417.0,66546,3.6320740540378087,US
18,1956-11-01,2414.0,66657,3.621525121142566,US
19,1956-12-01,2306.0,66700,3.457271364317841,US
20,1957-01-01,2283.0,66428,3.436803757451677,US
21,1957-02-01,2426.0,66879,3.6274465826343096,US
22,1957-03-01,2435.0,66913,3.6390536965910956,US
23,1957-04-01,2283.0,66647,3.4255105256050538,US
24,1957-05-01,2377.0,66695,3.563985306244846,US
25,1957-06-01,2476.0,67052,3.692656445743602,US
26,1957-07-01,2449.0,67336,3.636984673874302,US
27,1957-08-01,2440.0,66706,3.657841873294756,US
28,1957-09-01,2484.0,67064,3.7039246093284026,US
29,1957-10-01,2641.0,67066,3.9379119076730382,US
30,1957-11-01,2643.0,67123,3.9375474874484158,US
31,1957-12-01,2712.0,67398,4.023858274726253,US
32,1958-01-01,3291.0,67095,4.904985468365751,US
33,1958-02-01,3437.0,67201,5.114507224594872,US
34,1958-03-01,3972.0,67223,5.908691965547506,US
35,1958-04-01,3743.0,67647,5.533135246204561,US
36,1958-05-01,3602.0,67895,5.305250754842036,US
37,1958-06-01,3340.0,67674,4.935425717409936,US
38,1958-07-01,2955.0,67824,4.35686482661005,US
39,1958-08-01,3178.0,68037,4.670987844849126,US
40,1958-09-01,3166.0,68002,4.6557454192523755,US
41,1958-10-01,2969.0,68045,4.363288999926519,US
42,1958-11-01,2805.0,67658,4.1458511927636055,US
43,1958-12-01,2825.0,67740,4.170357248302333,US
44,1959-01-01,2749.0,67936,4.0464554875176635,US
45,1959-02-01,2515.0,67649,3.7177194045736077,US
46,1959-03-01,2846.0,68068,4.181113004642416,US
47,1959-04-01,2592.0,68339,3.7928562021686005,US
48,1959-05-01,2353.0,68178,3.4512599372231514,US
49,1959-06-01,2543.0,68278,3.7244793344854856,US
50,1959-07-01,2668.0,68539,3.8926742438611592,US
51,1959-08-01,2599.0,68432,3.797930792611644,US
52,1959-09-01,2507.0,68545,3.6574513093588155,US
53,1959-10-01,2730.0,68821,3.9668124555005013,US
54,1959-11-01,2799.0,68533,4.08416383348168,US
55,1959-12-01,2734.0,68994,3.962663420007537,US
56,1960-01-01,2507.0,68962,3.635335402105507,US
57,1960-02-01,2565.0,68949,3.720140973763216,US
58,1960-03-01,2405.0,68399,3.5161332768022926,US
59,1960-04-01,2769.0,69579,3.9796490320355282,US
60,1960-05-01,2733.0,69626,3.9252578059920142,US
61,1960-06-01,2904.0,69934,4.15248663025138,US
62,1960-07-01,2830.0,69745,4.0576385403971615,US
63,1960-08-01,2933.0,69841,4.199538952764136,US
64,1960-09-01,3071.0,70151,4.377699533862668,US
65,1960-10-01,3069.0,69884,4.391563161811001,US
66,1960-11-01,3119.0,70439,4.427944746518264,US
67,1960-12-01,3305.0,70395,4.694935719866468,US
68,1961-01-01,3428.0,70447,4.866069527446165,US
69,1961-02-01,3561.0,70420,5.056802044873616,US
70,1961-03-01,3325.0,70703,4.702770745230047,US
71,1961-04-01,3295.0,70267,4.689256692330682,US
72,1961-05-01,3269.0,70452,4.640038607846477,US
73,1961-06-01,3151.0,70878,4.445667202799176,US
74,1961-07-01,3035.0,70536,4.302767381195418,US
75,1961-08-01,3152.0,70534,4.468766835852213,US
76,1961-09-01,2976.0,70217,4.238289872822821,US
77,1961-10-01,2913.0,70492,4.132383816603302,US
78,1961-11-01,2875.0,70376,4.085199499829487,US
79,1961-12-01,2645.0,70077,3.774419567047676,US
80,1962-01-01,2392.0,70189,3.4079414153214893,US
81,1962-02-01,2631.0,70409,3.736738201082248,US
82,1962-03-01,2783.0,70414,3.952339023489647,US
83,1962-04-01,2596.0,70278,3.693901363157745,US
84,1962-05-01,2756.0,70551,3.9063939561452004,US
85,1962-06-01,2683.0,70514,3.8049181722778456,US
86,1962-07-01,2759.0,70302,3.924497169355068,US
87,1962-08-01,2626.0,70981,3.6995815781688055,US
88,1962-09-01,2675.0,71153,3.759504167076581,US
89,1962-10-01,2704.0,70917,3.8129080474357346,US
90,1962-11-01,2714.0,70871,3.8294930225338994,US
91,1962-12-01,2575.0,70854,3.634233776498151,US
92,1963-01-01,2613.0,71146,3.672729317178759,US
93,1963-02-01,2560.0,71262,3.592377424153125,US
94,1963-03-01,2645.0,71423,3.703288856530809,US
95,1963-04-01,2644.0,71697,3.6877414675648907,US
96,1963-05-01,2571.0,71832,3.579184764450384,US
97,1963-06-01,2627.0,71626,3.6676625806271463,US
98,1963-07-01,2482.0,71956,3.4493301462004555,US
99,1963-08-01,2740.0,71786,3.8169002312428604,US
100,1963-09-01,2723.0,72131,3.7750759035643484,US
101,1963-10-01,2647.0,72281,3.662096539892918,US
102,1963-11-01,2623.0,72418,3.622027672678063,US
103,1963-12-01,2580.0,72188,3.5740012190391752,US
104,1964-01-01,2428.0,72356,3.355630493670186,US
105,1964-02-01,2567.0,72683,3.531774968011777,US
106,1964-03-01,2467.0,72713,3.3927908352014082,US
107,1964-04-01,2562.0,73274,3.4964653219422983,US
108,1964-05-01,2539.0,73395,3.4593637168744467,US
109,1964-06-01,2484.0,73032,3.4012487676634904,US
110,1964-07-01,2369.0,73007,3.244894325201693,US
111,1964-08-01,2369.0,73118,3.239968270466916,US
112,1964-09-01,2455.0,73290,3.3497066448355843,US
113,1964-10-01,2435.0,73308,3.3216020079663884,US
114,1964-11-01,2367.0,73286,3.229811969543978,US
115,1964-12-01,2462.0,73465,3.351255699993194,US
116,1965-01-01,2383.0,73569,3.2391360491511367,US
117,1965-02-01,2304.0,73857,3.119541817295585,US
118,1965-03-01,2296.0,73949,3.1048425266061748,US
119,1965-04-01,2230.0,74228,3.004257153634747,US
120,1965-05-01,2258.0,74466,3.0322563317487177,US
121,1965-06-01,2170.0,74412,2.9161963124227275,US
122,1965-07-01,2289.0,74761,3.0617567983306806,US
123,1965-08-01,2259.0,74616,3.0275008041170794,US
124,1965-09-01,2019.0,74502,2.709994362567448,US
125,1965-10-01,2168.0,74838,2.8969240225553863,US
126,1965-11-01,2077.0,74797,2.7768493388772275,US
127,1965-12-01,2037.0,75093,2.7126363309496226,US
128,1966-01-01,2081.0,75186,2.76780251642593,US
129,1966-02-01,1884.0,74954,2.5135416388718412,US
130,1966-03-01,1905.0,75075,2.5374625374625372,US
131,1966-04-01,1908.0,75338,2.532586476943906,US
132,1966-05-01,1923.0,75447,2.5488090977772475,US
133,1966-06-01,2185.0,75647,2.8884159318941927,US
134,1966-07-01,2128.0,75736,2.8097602197105735,US
135,1966-08-01,1942.0,76046,2.553717486784315,US
136,1966-09-01,1856.0,76056,2.440307142105817,US
137,1966-10-01,1857.0,76199,2.4370398561660913,US
138,1966-11-01,1738.0,76610,2.2686333376843755,US
139,1966-12-01,2007.0,76641,2.6187027831056486,US
140,1967-01-01,2182.0,76639,2.8471143934550294,US
141,1967-02-01,2322.0,76521,3.0344611283177167,US
142,1967-03-01,2308.0,76328,3.023792055340111,US
143,1967-04-01,2374.0,76777,3.0920718444325774,US
144,1967-05-01,1835.0,76773,2.3901632084196267,US
145,1967-06-01,2095.0,77270,2.7112721625469134,US
146,1967-07-01,2062.0,77464,2.66188164824951,US
147,1967-08-01,2069.0,77712,2.6623944821906527,US
148,1967-09-01,2233.0,77812,2.869737315581144,US
149,1967-10-01,2180.0,78194,2.7879376934291633,US
150,1967-11-01,2227.0,78191,2.8481538796025117,US
151,1967-12-01,2124.0,78491,2.706042731013747,US
152,1968-01-01,1873.0,77578,2.4143442728608626,US
153,1968-02-01,2153.0,78230,2.7521411223315866,US
154,1968-03-01,1983.0,78256,2.533991003884686,US
155,1968-04-01,1943.0,78270,2.4824326050849623,US
156,1968-05-01,1933.0,78847,2.4515834464215507,US
157,1968-06-01,2052.0,79120,2.5935288169868556,US
158,1968-07-01,1950.0,78970,2.469292136254274,US
159,1968-08-01,1962.0,78811,2.4895001966730534,US
160,1968-09-01,1946.0,78858,2.4677268000710137,US
161,1968-10-01,1883.0,78913,2.386172113593451,US
162,1968-11-01,1927.0,79209,2.43280435304069,US
163,1968-12-01,1988.0,79463,2.501793287441954,US
164,1969-01-01,1914.0,79523,2.406850848182287,US
165,1969-02-01,1952.0,80019,2.43942063759857,US
166,1969-03-01,2044.0,80079,2.552479426566266,US
167,1969-04-01,1951.0,80281,2.4302138737683885,US
168,1969-05-01,1961.0,80125,2.447425897035881,US
169,1969-06-01,2092.0,80696,2.5924457222167145,US
170,1969-07-01,2004.0,80827,2.479369517611689,US
171,1969-08-01,2142.0,81106,2.6409883362513256,US
172,1969-09-01,2190.0,81290,2.6940583097551976,US
173,1969-10-01,2165.0,81494,2.65663729845142,US
174,1969-11-01,2084.0,81397,2.5602909198127697,US
175,1969-12-01,2122.0,81624,2.5997255709105165,US
176,1970-01-01,2182.0,81981,2.661592320171747,US
177,1970-02-01,2186.0,82151,2.6609536098160707,US
178,1970-03-01,2236.0,82498,2.710368736211787,US
179,1970-04-01,2631.0,82727,3.180340154967544,US
180,1970-05-01,2487.0,82483,3.0151667616357307,US
181,1970-06-01,2353.0,82484,2.8526744580767183,US
182,1970-07-01,2493.0,82901,3.0072013606590993,US
183,1970-08-01,2438.0,82880,2.941602316602317,US
184,1970-09-01,2425.0,82954,2.9233068929768304,US
185,1970-10-01,2612.0,83276,3.1365579518708873,US
186,1970-11-01,2581.0,83548,3.0892421123186673,US
187,1970-12-01,2760.0,83670,3.2986733596271063,US
188,1971-01-01,2756.0,83850,3.286821705426356,US
189,1971-02-01,2732.0,83603,3.2678253172733034,US
190,1971-03-01,2747.0,83575,3.286868082560574,US
191,1971-04-01,2806.0,83946,3.3426250208467345,US
192,1971-05-01,2720.0,84135,3.232899506745112,US
193,1971-06-01,2431.0,83706,2.904212362315724,US
194,1971-07-01,2701.0,84340,3.202513635285748,US
195,1971-08-01,2676.0,84673,3.1603935138710098,US
196,1971-09-01,2636.0,84731,3.111021940021952,US
197,1971-10-01,2726.0,84872,3.211895560373268,US
198,1971-11-01,2819.0,85458,3.2986964356760047,US
199,1971-12-01,2606.0,85625,3.0435036496350367,US
200,1972-01-01,2669.0,85978,3.1042824908697573,US
201,1972-02-01,2585.0,86036,3.0045562322748616,US
202,1972-03-01,2637.0,86611,3.044647908464283,US
203,1972-04-01,2728.0,86614,3.149606299212598,US
204,1972-05-01,2565.0,86809,2.954762755013881,US
205,1972-06-01,2805.0,87006,3.2239155920281357,US
206,1972-07-01,2799.0,87143,3.2119619476033643,US
207,1972-08-01,2831.0,87517,3.234800095981352,US
208,1972-09-01,2678.0,87392,3.0643537165873305,US
209,1972-10-01,2562.0,87491,2.928301196694517,US
210,1972-11-01,2407.0,87592,2.7479678509452916,US
211,1972-12-01,2366.0,87943,2.6903789954857125,US
212,1973-01-01,2170.0,87487,2.4803685118931957,US
213,1973-02-01,2393.0,88364,2.7081164275044136,US
214,1973-03-01,2369.0,88846,2.6664115435697724,US
215,1973-04-01,2338.0,89018,2.6264351030128736,US
216,1973-05-01,2392.0,88977,2.688335187745148,US
217,1973-06-01,2744.0,89548,3.064278375843123,US
218,1973-07-01,2703.0,89604,3.016606401499933,US
219,1973-08-01,2609.0,89509,2.9147906914388497,US
220,1973-09-01,2644.0,89838,2.943075313341793,US
221,1973-10-01,2655.0,90131,2.9457123520209474,US
222,1973-11-01,2687.0,90716,2.961991269456325,US
223,1973-12-01,2846.0,90890,3.1312575640884583,US
224,1974-01-01,2748.0,91199,3.01319093411112,US
225,1974-02-01,2963.0,91485,3.238782314040553,US
226,1974-03-01,2720.0,91453,2.9742053295135205,US
227,1974-04-01,2629.0,91287,2.8799281387273106,US
228,1974-05-01,2872.0,91596,3.1355081007904273,US
229,1974-06-01,2784.0,91868,3.0304349719162276,US
230,1974-07-01,2821.0,92212,3.0592547607686633,US
231,1974-08-01,2993.0,92059,3.2511758763401732,US
232,1974-09-01,3184.0,92488,3.4426087708675723,US
233,1974-10-01,3188.0,92518,3.4458159493287797,US
234,1974-11-01,3484.0,92766,3.7556863506025913,US
235,1974-12-01,3583.0,92780,3.8618236688941585,US
236,1975-01-01,4133.0,93128,4.4379778369555885,US
237,1975-02-01,3994.0,92776,4.304992670518237,US
238,1975-03-01,4087.0,93165,4.386840551709333,US
239,1975-04-01,4179.0,93399,4.47435197378987,US
240,1975-05-01,3972.0,93884,4.230752843935068,US
241,1975-06-01,3774.0,93575,4.033128506545552,US
242,1975-07-01,3669.0,94021,3.902319694536327,US
243,1975-08-01,3650.0,94162,3.8762982944287505,US
244,1975-09-01,3566.0,94202,3.78548226152311,US
245,1975-10-01,3600.0,94267,3.8189398198733384,US
246,1975-11-01,3554.0,94250,3.7708222811671086,US
247,1975-12-01,3544.0,94409,3.753879397091379,US
248,1976-01-01,3776.0,94934,3.9775001580045086,US
249,1976-02-01,3536.0,94998,3.7221836249184195,US
250,1976-03-01,3507.0,95215,3.68324318647272,US
251,1976-04-01,3515.0,95746,3.67117164163516,US
252,1976-05-01,3572.0,95847,3.7267728776070195,US
253,1976-06-01,3462.0,95885,3.610575168170204,US
254,1976-07-01,3497.0,96583,3.6207200024849095,US
255,1976-08-01,3542.0,96741,3.661322500284264,US
256,1976-09-01,3670.0,96553,3.8010212007912756,US
257,1976-10-01,3781.0,96704,3.909869291859695,US
258,1976-11-01,3768.0,97254,3.874390770559566,US
259,1976-12-01,3728.0,97348,3.8295599293257183,US
260,1977-01-01,3580.0,97208,3.682824458892272,US
261,1977-02-01,3883.0,97785,3.9709566906989826,US
262,1977-03-01,3596.0,98115,3.665086887835703,US
263,1977-04-01,3407.0,98330,3.464863215702227,US
264,1977-05-01,3555.0,98665,3.603101403739928,US
265,1977-06-01,3648.0,99093,3.6813902091974207,US
266,1977-07-01,3726.0,98913,3.766946710745807,US
267,1977-08-01,3568.0,99366,3.590765452971841,US
268,1977-09-01,3610.0,99453,3.6298553085377017,US
269,1977-10-01,3577.0,99815,3.5836297149727,US
270,1977-11-01,3577.0,100576,3.556514476614699,US
271,1977-12-01,3501.0,100491,3.4838940800668716,US
272,1978-01-01,3333.0,100873,3.304154729213962,US
273,1978-02-01,3495.0,100837,3.465989666491467,US
274,1978-03-01,3524.0,101092,3.485933605033039,US
275,1978-04-01,3588.0,101574,3.532400023628094,US
276,1978-05-01,3533.0,101896,3.4672607364371513,US
277,1978-06-01,3669.0,102371,3.584022818962401,US
278,1978-07-01,3563.0,102399,3.479526167247727,US
279,1978-08-01,3603.0,102511,3.5147447590990235,US
280,1978-09-01,3566.0,102795,3.469040322972907,US
281,1978-10-01,3510.0,103080,3.40512223515716,US
282,1978-11-01,3428.0,103562,3.3100944361831557,US
283,1978-12-01,3309.0,103809,3.187584891483397,US
284,1979-01-01,3451.0,104057,3.316451560202581,US
285,1979-02-01,3486.0,104502,3.335821323993799,US
286,1979-03-01,3494.0,104589,3.340695484228743,US
287,1979-04-01,3535.0,104172,3.3934262565756637,US
288,1979-05-01,3532.0,104171,3.3905789519156,US
289,1979-06-01,3701.0,104638,3.5369559815745717,US
290,1979-07-01,3556.0,105002,3.3866021599588576,US
291,1979-08-01,3627.0,105096,3.4511303950673673,US
292,1979-09-01,3495.0,105530,3.3118544489718564,US
293,1979-10-01,3530.0,105700,3.3396404919583724,US
294,1979-11-01,3692.0,105812,3.4892072732771333,US
295,1979-12-01,3787.0,106258,3.563966948370946,US
296,1980-01-01,3736.0,106562,3.505940203825003,US
297,1980-02-01,3765.0,106697,3.5286840304788325,US
298,1980-03-01,3730.0,106442,3.5042558388606,US
299,1980-04-01,4163.0,106591,3.90558302295691,US
300,1980-05-01,4700.0,106929,4.395439964836481,US
301,1980-06-01,4553.0,106780,4.263907098707623,US
302,1980-07-01,4520.0,107159,4.218031149973403,US
303,1980-08-01,4619.0,107105,4.312590448625181,US
304,1980-09-01,4512.0,107098,4.212963827522456,US
305,1980-10-01,4505.0,107405,4.194404357339044,US
306,1980-11-01,4497.0,107568,4.180611334225793,US
307,1980-12-01,4449.0,107352,4.144310306282137,US
308,1981-01-01,4626.0,108026,4.282302408679392,US
309,1981-02-01,4493.0,108242,4.150884130004989,US
310,1981-03-01,4474.0,108553,4.121489042219008,US
311,1981-04-01,4424.0,108925,4.061510213449622,US
312,1981-05-01,4532.0,109222,4.149347201113328,US
313,1981-06-01,4434.0,108396,4.09055684711613,US
314,1981-07-01,4725.0,108556,4.3525922104720145,US
315,1981-08-01,4713.0,108725,4.334789606806162,US
316,1981-09-01,4809.0,108294,4.440689234860657,US
317,1981-10-01,5332.0,109024,4.890666275315527,US
318,1981-11-01,5204.0,109236,4.763997217034677,US
319,1981-12-01,5536.0,108912,5.083002791244307,US
320,1982-01-01,5067.0,109089,4.644831284547479,US
321,1982-02-01,5737.0,109467,5.240848840289767,US
322,1982-03-01,5938.0,109567,5.419514999954366,US
323,1982-04-01,6049.0,109820,5.508104170460753,US
324,1982-05-01,6112.0,110451,5.533675566540818,US
325,1982-06-01,5997.0,110081,5.44780661512886,US
326,1982-07-01,6084.0,110342,5.513766290261188,US
327,1982-08-01,6221.0,110514,5.629151057784535,US
328,1982-09-01,6705.0,110721,6.055761779608204,US
329,1982-10-01,6857.0,110744,6.191757567001373,US
330,1982-11-01,6704.0,111050,6.036920306168392,US
331,1982-12-01,6657.0,111083,5.992816182494171,US
332,1983-01-01,6733.0,110695,6.082478883418402,US
333,1983-02-01,6570.0,110634,5.938499918650686,US
334,1983-03-01,6448.0,110587,5.8307034280702075,US
335,1983-04-01,6300.0,110828,5.684484065398636,US
336,1983-05-01,6229.0,110796,5.6220441171161415,US
337,1983-06-01,6240.0,111879,5.577454213927547,US
338,1983-07-01,6182.0,111756,5.531694047746877,US
339,1983-08-01,6248.0,112231,5.567089306875997,US
340,1983-09-01,6196.0,112298,5.517462465938841,US
341,1983-10-01,6009.0,111926,5.3687257652377465,US
342,1983-11-01,6141.0,112228,5.471896496418006,US
343,1983-12-01,5882.0,112327,5.23649701318472,US
344,1984-01-01,5934.0,112209,5.288345854610593,US
345,1984-02-01,5904.0,112615,5.242640856013852,US
346,1984-03-01,5665.0,112713,5.026039587270324,US
347,1984-04-01,5761.0,113098,5.093812445843428,US
348,1984-05-01,5566.0,113649,4.89753539406418,US
349,1984-06-01,5884.0,113817,5.169702241317202,US
350,1984-07-01,5744.0,113972,5.039834345277788,US
351,1984-08-01,5589.0,113682,4.916345595608804,US
352,1984-09-01,5728.0,113857,5.030872058810614,US
353,1984-10-01,5710.0,114019,5.007937273612292,US
354,1984-11-01,5626.0,114170,4.927739336077779,US
355,1984-12-01,5797.0,114581,5.059303025807071,US
356,1985-01-01,5629.0,114725,4.906515580736544,US
357,1985-02-01,5273.0,114876,4.590166788537205,US
358,1985-03-01,5718.0,115328,4.958032741398446,US
359,1985-04-01,5629.0,115331,4.880734581335461,US
360,1985-05-01,5828.0,115234,5.057535102487113,US
361,1985-06-01,5618.0,114965,4.886704649241073,US
362,1985-07-01,5583.0,115320,4.841311134235172,US
363,1985-08-01,5750.0,115291,4.987379760779246,US
364,1985-09-01,5602.0,115905,4.833268625167163,US
365,1985-10-01,5459.0,116145,4.700159283654053,US
366,1985-11-01,5494.0,116135,4.73070133895897,US
367,1985-12-01,5512.0,116354,4.737267304948691,US
368,1986-01-01,5541.0,116682,4.748804442844655,US
369,1986-02-01,5258.0,116882,4.498554097294708,US
370,1986-03-01,5555.0,117220,4.738952397201842,US
371,1986-04-01,5825.0,117316,4.965222135088139,US
372,1986-05-01,5908.0,117528,5.026887209856374,US
373,1986-06-01,5628.0,118084,4.766098709393313,US
374,1986-07-01,5415.0,118129,4.583971759686444,US
375,1986-08-01,5521.0,118150,4.672873465933137,US
376,1986-09-01,5615.0,118395,4.742598927319565,US
377,1986-10-01,5769.0,118516,4.867697188565257,US
378,1986-11-01,5512.0,118634,4.646222836623565,US
379,1986-12-01,5613.0,118611,4.732276095808989,US
380,1987-01-01,5482.0,118845,4.61273086793723,US
381,1987-02-01,5569.0,119122,4.67503903561055,US
382,1987-03-01,5436.0,119270,4.557726167519075,US
383,1987-04-01,5350.0,119336,4.483140041563317,US
384,1987-05-01,5386.0,120008,4.48803413105793,US
385,1987-06-01,5242.0,119644,4.3813312828056565,US
386,1987-07-01,5493.0,119902,4.581241347100132,US
387,1987-08-01,5334.0,120318,4.433251882511345,US
388,1987-09-01,5309.0,120011,4.423761155227438,US
389,1987-10-01,5455.0,120509,4.526632865595101,US
390,1987-11-01,5527.0,120540,4.585199933631989,US
391,1987-12-01,5279.0,120729,4.372603102817053,US
392,1988-01-01,5297.0,120969,4.378807793732278,US
393,1988-02-01,5316.0,121156,4.387731519693618,US
394,1988-03-01,5278.0,120913,4.365122029889259,US
395,1988-04-01,5137.0,121251,4.23666608935184,US
396,1988-05-01,4917.0,121071,4.061253314171023,US
397,1988-06-01,5294.0,121473,4.3581701283412775,US
398,1988-07-01,5460.0,121665,4.4877327086672425,US
399,1988-08-01,5259.0,122125,4.306243602865916,US
400,1988-09-01,5085.0,121960,4.169399803214169,US
401,1988-10-01,5005.0,122206,4.095543590331081,US
402,1988-11-01,5033.0,122637,4.103981669479847,US
403,1988-12-01,5369.0,122622,4.378496517753748,US
404,1989-01-01,5055.0,123390,4.096766350595672,US
405,1989-02-01,4902.0,123135,3.9809964672919964,US
406,1989-03-01,4871.0,123227,3.952867472226054,US
407,1989-04-01,5048.0,123565,4.0852992352203295,US
408,1989-05-01,4897.0,123474,3.9660171372110726,US
409,1989-06-01,4969.0,123995,4.007419654018307,US
410,1989-07-01,4924.0,123967,3.9720248130550875,US
411,1989-08-01,4888.0,124166,3.9366654317607073,US
412,1989-09-01,4825.0,123944,3.8928871103078815,US
413,1989-10-01,4743.0,124211,3.8185023870671677,US
414,1989-11-01,4800.0,124637,3.85118383786516,US
415,1989-12-01,4817.0,124497,3.8691695382218048,US
416,1990-01-01,4856.0,125833,3.85908307041873,US
417,1990-02-01,4809.0,125710,3.825471322886007,US
418,1990-03-01,4856.0,125801,3.860064705368002,US
419,1990-04-01,4941.0,125649,3.9323830671155364,US
420,1990-05-01,4988.0,125893,3.962094794786049,US
421,1990-06-01,5364.0,125573,4.271618898967135,US
422,1990-07-01,5276.0,125732,4.196226895301117,US
423,1990-08-01,5365.0,125990,4.258274466227478,US
424,1990-09-01,5364.0,125892,4.26079496711467,US
425,1990-10-01,5474.0,125995,4.3446168498749955,US
426,1990-11-01,5492.0,126070,4.356309986515428,US
427,1990-12-01,5699.0,126142,4.517924244105849,US
428,1991-01-01,5465.0,125955,4.338851177007661,US
429,1991-02-01,5971.0,126020,4.7381368036819556,US
430,1991-03-01,6062.0,126238,4.802040589996673,US
431,1991-04-01,6263.0,126548,4.949110219047318,US
432,1991-05-01,6052.0,126176,4.7964747654070505,US
433,1991-06-01,6106.0,126331,4.833334652618914,US
434,1991-07-01,6151.0,126154,4.875786736845443,US
435,1991-08-01,6180.0,126150,4.898929845422117,US
436,1991-09-01,6437.0,126650,5.082510856691671,US
437,1991-10-01,6385.0,126642,5.041771292304291,US
438,1991-11-01,6495.0,126701,5.1262420975367196,US
439,1991-12-01,6455.0,126664,5.096159919156193,US
440,1992-01-01,6593.0,127261,5.180691649444841,US
441,1992-02-01,6551.0,127207,5.149873827698161,US
442,1992-03-01,6531.0,127604,5.118178113538761,US
443,1992-04-01,6492.0,127841,5.0781830555142715,US
444,1992-05-01,6550.0,128119,5.112434533519618,US
445,1992-06-01,6462.0,128459,5.030398804287749,US
446,1992-07-01,6509.0,128563,5.062887455955447,US
447,1992-08-01,6485.0,128613,5.042258558621601,US
448,1992-09-01,6410.0,128501,4.988288028886935,US
449,1992-10-01,6575.0,128026,5.1356755659006765,US
450,1992-11-01,6628.0,128441,5.160345995437594,US
451,1992-12-01,6458.0,128554,5.023569861692363,US
452,1993-01-01,6196.0,128400,4.825545171339564,US
453,1993-02-01,6627.0,128458,5.1588846159834345,US
454,1993-03-01,6318.0,128598,4.912984649839033,US
455,1993-04-01,6586.0,128584,5.121943632178187,US
456,1993-05-01,6543.0,129264,5.061734125510583,US
457,1993-06-01,6635.0,129411,5.127075750902164,US
458,1993-07-01,6700.0,129397,5.177863474423673,US
459,1993-08-01,6681.0,129619,5.154336941343476,US
460,1993-09-01,6575.0,129268,5.086332270940991,US
461,1993-10-01,6376.0,129573,4.9207782485548694,US
462,1993-11-01,6250.0,129711,4.818403990409449,US
463,1993-12-01,6291.0,129941,4.841428032722543,US
464,1994-01-01,4947.0,130596,3.7880180097399614,US
465,1994-02-01,4677.0,130669,3.579272819107822,US
466,1994-03-01,4890.0,130400,3.75,US
467,1994-04-01,4752.0,130621,3.6380061399009342,US
468,1994-05-01,4836.0,130779,3.697841396554493,US
469,1994-06-01,4816.0,130561,3.6886972373067,US
470,1994-07-01,4505.0,130652,3.448091112267704,US
471,1994-08-01,4359.0,131275,3.320510378975433,US
472,1994-09-01,4332.0,131421,3.2962768507316187,US
473,1994-10-01,4472.0,131744,3.394461986883653,US
474,1994-11-01,4468.0,131891,3.387645859080604,US
475,1994-12-01,4440.0,131951,3.3648854499018577,US
476,1995-01-01,4550.0,132038,3.445977673094109,US
477,1995-02-01,4397.0,132115,3.328161071793513,US
478,1995-03-01,4451.0,132108,3.369213068095801,US
479,1995-04-01,4428.0,132590,3.3396183724262762,US
480,1995-05-01,4513.0,131851,3.4228030124913733,US
481,1995-06-01,4489.0,131949,3.402072012671563,US
482,1995-07-01,4436.0,132343,3.351896209093039,US
483,1995-08-01,4513.0,132336,3.4102587353403457,US
484,1995-09-01,4580.0,132611,3.453710476506474,US
485,1995-10-01,4462.0,132716,3.3620663672805087,US
486,1995-11-01,4489.0,132614,3.3850121404979867,US
487,1995-12-01,4434.0,132511,3.346137301808907,US
488,1996-01-01,4022.0,132616,3.0328165530554383,US
489,1996-02-01,4420.0,132952,3.3245080931463984,US
490,1996-03-01,4429.0,133180,3.325574410572158,US
491,1996-04-01,4464.0,133409,3.346101087632768,US
492,1996-05-01,4327.0,133667,3.237149034541061,US
493,1996-06-01,4312.0,133697,3.225203258113495,US
494,1996-07-01,4358.0,134284,3.2453605790712223,US
495,1996-08-01,4391.0,134054,3.2755456756232566,US
496,1996-09-01,4382.0,134515,3.257629260677248,US
497,1996-10-01,4372.0,134921,3.2404147612306464,US
498,1996-11-01,4025.0,135007,2.9813268941610436,US
499,1996-12-01,4365.0,135113,3.2306291770592024,US
500,1997-01-01,4189.0,135456,3.0925171273328607,US
501,1997-02-01,4242.0,135400,3.1329394387001477,US
502,1997-03-01,4112.0,135891,3.025954625398297,US
503,1997-04-01,4396.0,136016,3.2319727090930477,US
504,1997-05-01,4032.0,136119,2.962114032574439,US
505,1997-06-01,3998.0,136211,2.9351520802284687,US
506,1997-07-01,4040.0,136477,2.960205748954036,US
507,1997-08-01,4049.0,136618,2.963738306811694,US
508,1997-09-01,4004.0,136675,2.9295774647887325,US
509,1997-10-01,3973.0,136633,2.9077894798474744,US
510,1997-11-01,3962.0,136961,2.8927942991070448,US
511,1997-12-01,3848.0,137155,2.8055849221683493,US
512,1998-01-01,3922.0,137095,2.8607899631642293,US
513,1998-02-01,3866.0,137112,2.8195927417002156,US
514,1998-03-01,3859.0,137236,2.811944387769973,US
515,1998-04-01,3775.0,137150,2.752460809332847,US
516,1998-05-01,3727.0,137372,2.7130710770753868,US
517,1998-06-01,3766.0,137455,2.7398057546106,US
518,1998-07-01,3796.0,137588,2.758961537343373,US
519,1998-08-01,3537.0,137570,2.5710547357708804,US
520,1998-09-01,3448.0,138286,2.493383278133723,US
521,1998-10-01,3433.0,138279,2.4826618647806247,US
522,1998-11-01,3339.0,138381,2.4129035055390555,US
523,1998-12-01,3420.0,138634,2.4669273049901177,US
524,1999-01-01,3449.0,139003,2.481241412055855,US
525,1999-02-01,3425.0,138967,2.464613901141998,US
526,1999-03-01,3550.0,138730,2.5589274129604265,US
527,1999-04-01,3443.0,138959,2.477709252369404,US
528,1999-05-01,3393.0,139107,2.4391295908904658,US
529,1999-06-01,3411.0,139329,2.4481622634196754,US
530,1999-07-01,3350.0,139439,2.4024842404205424,US
531,1999-08-01,3286.0,139430,2.356738148174711,US
532,1999-09-01,3279.0,139622,2.3484837633037774,US
533,1999-10-01,3153.0,139771,2.255832755006403,US
534,1999-11-01,3225.0,140025,2.3031601499732193,US
535,1999-12-01,3283.0,140177,2.3420389935581443,US
536,2000-01-01,3208.0,142267,2.2549150540884395,US
537,2000-02-01,3167.0,142456,2.22314258437693,US
538,2000-03-01,3231.0,142434,2.2684190572475673,US
539,2000-04-01,3186.0,142751,2.2318582706951267,US
540,2000-05-01,3283.0,142388,2.305671826277495,US
541,2000-06-01,3209.0,142591,2.250492667840186,US
542,2000-07-01,3144.0,142278,2.2097583603930335,US
543,2000-08-01,3211.0,142514,2.253111974963863,US
544,2000-09-01,3217.0,142518,2.257258732230315,US
545,2000-10-01,3179.0,142622,2.2289688827810576,US
546,2000-11-01,3467.0,142962,2.4251199619479302,US
547,2000-12-01,3243.0,143248,2.263905953311739,US
548,2001-01-01,3332.0,143800,2.317107093184979,US
549,2001-02-01,3296.0,143701,2.29365140117327,US
550,2001-03-01,3280.0,143924,2.278980573080237,US
551,2001-04-01,3289.0,143569,2.290884522424758,US
552,2001-05-01,3439.0,143318,2.3995590225931145,US
553,2001-06-01,3792.0,143357,2.6451446389084596,US
554,2001-07-01,3556.0,143654,2.4753922619627717,US
555,2001-08-01,3380.0,143284,2.358951453058262,US
556,2001-09-01,4233.0,143989,2.939807901992513,US
557,2001-10-01,4437.0,144086,3.079410907374762,US
558,2001-11-01,4317.0,144240,2.9929284525790347,US
559,2001-12-01,4393.0,144305,3.044246561103219,US
560,2002-01-01,4112.0,143883,2.8578775810901913,US
561,2002-02-01,4289.0,144653,2.965026649983063,US
562,2002-03-01,4101.0,144481,2.838435503630235,US
563,2002-04-01,4199.0,144725,2.9013646571083087,US
564,2002-05-01,4103.0,144938,2.8308656115028494,US
565,2002-06-01,4048.0,144808,2.7954256670902162,US
566,2002-07-01,4145.0,144803,2.862509754632155,US
567,2002-08-01,4301.0,145009,2.9660227985849152,US
568,2002-09-01,4329.0,145552,2.974194789491041,US
569,2002-10-01,4314.0,145314,2.9687435484536935,US
570,2002-11-01,4329.0,145041,2.9846732992739984,US
571,2002-12-01,4321.0,145066,2.97864420332814,US
572,2003-01-01,4607.0,145937,3.156841650849339,US
573,2003-02-01,4844.0,146100,3.3155373032169746,US
574,2003-03-01,4652.0,146022,3.1858213145964305,US
575,2003-04-01,4798.0,146474,3.2756666712181,US
576,2003-05-01,4570.0,146500,3.119453924914676,US
577,2003-06-01,4592.0,147056,3.1226199543031226,US
578,2003-07-01,4648.0,146485,3.1730211284431853,US
579,2003-08-01,4419.0,146445,3.0175151080610467,US
580,2003-09-01,4882.0,146530,3.331740940421757,US
581,2003-10-01,4813.0,146716,3.2804874723956488,US
582,2003-11-01,4862.0,147000,3.307482993197279,US
583,2003-12-01,4750.0,146729,3.2372605279120013,US
584,2004-01-01,4705.0,146842,3.2041241606624813,US
585,2004-02-01,4549.0,146709,3.1006959354913466,US
586,2004-03-01,4742.0,146944,3.2270797038327528,US
587,2004-04-01,4568.0,146850,3.110657133129043,US
588,2004-05-01,4588.0,147065,3.1197089722231666,US
589,2004-06-01,4443.0,147460,3.013020480130205,US
590,2004-07-01,4449.0,147692,3.01235002572922,US
591,2004-08-01,4474.0,147564,3.0319048006288796,US
592,2004-09-01,4487.0,147415,3.043787945595767,US
593,2004-10-01,4820.0,147793,3.261318195043067,US
594,2004-11-01,4547.0,148162,3.0689380542919236,US
595,2004-12-01,4427.0,148059,2.990024247090687,US
596,2005-01-01,4389.0,148029,2.964959568733154,US
597,2005-02-01,4250.0,148364,2.86457631231296,US
598,2005-03-01,4388.0,148391,2.9570526514411255,US
599,2005-04-01,4278.0,148926,2.872567583900729,US
600,2005-05-01,4315.0,149261,2.8909092127213403,US
601,2005-06-01,4432.0,149238,2.9697530119674616,US
602,2005-07-01,4400.0,149432,2.9444831093741635,US
603,2005-08-01,4491.0,149779,2.998417668698549,US
604,2005-09-01,4675.0,149954,3.117622737639543,US
605,2005-10-01,4269.0,150001,2.845981026793155,US
606,2005-11-01,4219.0,150065,2.8114483723719723,US
607,2005-12-01,4115.0,150030,2.7427847763780577,US
608,2006-01-01,4123.0,150214,2.7447508221603845,US
609,2006-02-01,4174.0,150641,2.770826003544852,US
610,2006-03-01,3972.0,150813,2.6337252093652403,US
611,2006-04-01,3900.0,150881,2.5848184993471675,US
612,2006-05-01,4111.0,151069,2.7212730606544033,US
613,2006-06-01,4318.0,151354,2.8529143597129907,US
614,2006-07-01,4303.0,151377,2.84257185701923,US
615,2006-08-01,4195.0,151716,2.765034670041393,US
616,2006-09-01,4115.0,151662,2.7132702984267647,US
617,2006-10-01,4352.0,152041,2.86238580382923,US
618,2006-11-01,4190.0,152406,2.749235594399171,US
619,2006-12-01,4187.0,152732,2.741403242280596,US
620,2007-01-01,4279.0,153144,2.794102282818785,US
621,2007-02-01,4220.0,152983,2.7584764320218587,US
622,2007-03-01,4253.0,153051,2.7788122913277276,US
623,2007-04-01,4313.0,152435,2.8294026962311807,US
624,2007-05-01,4473.0,152670,2.9298486932599723,US
625,2007-06-01,4342.0,153041,2.8371482151841665,US
626,2007-07-01,4410.0,153054,2.881335999059156,US
627,2007-08-01,4576.0,152749,2.9957642930559283,US
628,2007-09-01,4521.0,153414,2.9469279205287653,US
629,2007-10-01,4325.0,153183,2.823420353433475,US
630,2007-11-01,4494.0,153835,2.921311795105145,US
631,2007-12-01,4618.0,153918,3.0002988604321783,US
632,2008-01-01,4846.0,154063,3.145466465017558,US
633,2008-02-01,4902.0,153653,3.190305428465438,US
634,2008-03-01,4904.0,153908,3.1863190997219117,US
635,2008-04-01,5220.0,153769,3.394702443275303,US
636,2008-05-01,5286.0,154303,3.425727302774412,US
637,2008-06-01,5540.0,154313,3.590105823877444,US
638,2008-07-01,5930.0,154469,3.8389579786235424,US
639,2008-08-01,5851.0,154641,3.783602020162829,US
640,2008-09-01,6148.0,154570,3.977485928705441,US
641,2008-10-01,6690.0,154876,4.319584700018079,US
642,2008-11-01,7311.0,154639,4.72778535815674,US
643,2008-12-01,8029.0,154655,5.191555397497656,US
644,2009-01-01,8046.0,154210,5.217560469489657,US
645,2009-02-01,8796.0,154538,5.6918039576026604,US
646,2009-03-01,9145.0,154133,5.9331875717724305,US
647,2009-04-01,8908.0,154509,5.765359946669774,US
648,2009-05-01,9113.0,154747,5.888967152836566,US
649,2009-06-01,9024.0,154716,5.832622353214923,US
650,2009-07-01,8891.0,154502,5.754618063196593,US
651,2009-08-01,9029.0,154307,5.85132236385906,US
652,2009-09-01,8847.0,153827,5.751266032621062,US
653,2009-10-01,8979.0,153784,5.838708838370701,US
654,2009-11-01,9114.0,153878,5.922873965089226,US
655,2009-12-01,9098.0,153111,5.942094297601087,US
656,2010-01-01,8530.0,153484,5.5575825493211015,US
657,2010-02-01,8936.0,153694,5.814150194542402,US
658,2010-03-01,9233.0,153954,5.997245930602648,US
659,2010-04-01,9178.0,154622,5.935765932402893,US
660,2010-05-01,8845.0,154091,5.740114607602002,US
661,2010-06-01,8577.0,153616,5.583402770544735,US
662,2010-07-01,8500.0,153691,5.530577587496991,US
663,2010-08-01,8800.0,154086,5.711096400711291,US
664,2010-09-01,9246.0,153975,6.004870920603994,US
665,2010-10-01,8837.0,153635,5.751944543886484,US
666,2010-11-01,8873.0,154125,5.757015409570155,US
667,2010-12-01,8935.0,153650,5.815164334526521,US
668,2011-01-01,8470.0,153263,5.526448001148353,US
669,2011-02-01,8464.0,153214,5.524299346012766,US
670,2011-03-01,8645.0,153376,5.636475067807218,US
671,2011-04-01,8652.0,153543,5.634903577499463,US
672,2011-05-01,8576.0,153479,5.587735129887476,US
673,2011-06-01,8427.0,153346,5.495415596102931,US
674,2011-07-01,8281.0,153288,5.402249360680549,US
675,2011-08-01,8788.0,153760,5.715400624349636,US
676,2011-09-01,9166.0,154131,5.946889334397364,US
677,2011-10-01,8657.0,153961,5.622852540578458,US
678,2011-11-01,8447.0,154128,5.480509706218208,US
679,2011-12-01,8171.0,153995,5.306016429104841,US
680,2012-01-01,8305.0,154381,5.379548001373226,US
681,2012-02-01,8238.0,154671,5.32614387958958,US
682,2012-03-01,7775.0,154749,5.02426510025913,US
683,2012-04-01,7913.0,154545,5.120191529975089,US
684,2012-05-01,8101.0,154866,5.230973874188008,US
685,2012-06-01,8072.0,155083,5.204954766157477,US
686,2012-07-01,8082.0,154948,5.215943413274131,US
687,2012-08-01,7974.0,154763,5.152394306132603,US
688,2012-09-01,8671.0,155160,5.588424851765919,US
689,2012-10-01,8203.0,155554,5.273409876955912,US
690,2012-11-01,8166.0,155338,5.256923611736986,US
691,2012-12-01,7943.0,155628,5.103837355745753,US
692,2013-01-01,8151.0,155763,5.23295005874309,US
693,2013-02-01,8178.0,155312,5.265530029875348,US
694,2013-03-01,7722.0,155005,4.981774781458662,US
695,2013-04-01,7964.0,155394,5.125037002715677,US
696,2013-05-01,7937.0,155536,5.102998662689024,US
697,2013-06-01,8103.0,155749,5.202601621840269,US
698,2013-07-01,8099.0,155599,5.2050463049248386,US
699,2013-08-01,7816.0,155605,5.022974840140098,US
700,2013-09-01,7764.0,155687,4.986928902220481,US
701,2013-10-01,7936.0,154673,5.130824384346331,US
702,2013-11-01,7718.0,155265,4.970856277976362,US
703,2013-12-01,7827.0,155182,5.043755074686497,US
704,2014-01-01,7296.0,155352,4.696431330140584,US
705,2014-02-01,7299.0,155483,4.69440388981432,US
706,2014-03-01,7435.0,156028,4.765170354039019,US
707,2014-04-01,7509.0,155369,4.833010446099286,US
708,2014-05-01,7254.0,155684,4.6594383494771465,US
709,2014-06-01,7422.0,155707,4.766645044859897,US
710,2014-07-01,7402.0,156007,4.744658893511189,US
711,2014-08-01,7177.0,156130,4.5968103503490685,US
712,2014-09-01,7020.0,156040,4.4988464496283,US
713,2014-10-01,7025.0,156417,4.491199805647724,US
714,2014-11-01,6898.0,156494,4.407836722174652,US
715,2014-12-01,6856.0,156332,4.3855384694112525,US
716,2015-01-01,6808.0,157030,4.33547729733172,US
717,2015-02-01,6665.0,156644,4.254870917494446,US
718,2015-03-01,6633.0,156643,4.234469462408151,US
719,2015-04-01,6611.0,157060,4.209219406596206,US
720,2015-05-01,6634.0,157651,4.208029127630018,US
721,2015-06-01,6388.0,157062,4.067183659955941,US
722,2015-07-01,6253.0,156997,3.982878653732237,US
723,2015-08-01,6418.0,157172,4.08342452854198,US
724,2015-09-01,6042.0,156733,3.8549635367153057,US
725,2015-10-01,5813.0,157167,3.6986135766414066,US
726,2015-11-01,6170.0,157463,3.918380825971816,US
727,2015-12-01,6075.0,158035,3.844085171006423,US
728,2016-01-01,5937.0,158280,3.750947687642153,US
729,2016-02-01,5938.0,158640,3.7430660615229447,US
730,2016-03-01,6057.0,159179,3.8051501768449354,US
731,2016-04-01,6011.0,159141,3.777153593354321,US
732,2016-05-01,6488.0,158784,4.086054010479645,US
733,2016-06-01,5791.0,158967,3.6428944372102388,US
734,2016-07-01,5950.0,159194,3.737578049423973,US
735,2016-08-01,6033.0,159562,3.7809754202128327,US
736,2016-09-01,5882.0,159714,3.6828330641020828,US
737,2016-10-01,5949.0,159605,3.727326838131637,US
738,2016-11-01,5685.0,159506,3.564129249056462,US
739,2016-12-01,5607.0,159678,3.5114417765753583,US
740,2017-01-01,5762.0,159620,3.6098233304097236,US
741,2017-02-01,5562.0,159859,3.4793161473548566,US
742,2017-03-01,5462.0,160137,3.410829477260096,US
743,2017-04-01,5272.0,160345,3.2879104431070507,US
744,2017-05-01,5259.0,160068,3.285478671564585,US
745,2017-06-01,5381.0,160192,3.3590940870954857,US
746,2017-07-01,5320.0,160462,3.3154267053881914,US
747,2017-08-01,5301.0,160586,3.3010349594609742,US
748,2017-09-01,5138.0,161140,3.1885317115551697,US
749,2017-10-01,4857.0,160309,3.0297737494463814,US
750,2017-11-01,4745.0,160579,2.9549318404025433,US
751,2017-12-01,4940.0,160535,3.0772105771327123,US
752,2018-01-01,5033.0,160914,3.127757684228843,US
753,2018-02-01,5119.0,161778,3.1642126865210347,US
754,2018-03-01,4983.0,161686,3.0818994841853966,US
755,2018-04-01,4946.0,161771,3.0574083117493247,US
756,2018-05-01,4940.0,161848,3.052246552320696,US
757,2018-06-01,4835.0,162210,2.980704025645768,US
758,2018-07-01,4607.0,162341,2.8378536537288794,US
759,2018-08-01,4400.0,161660,2.7217617221328716,US
760,2018-09-01,4625.0,162087,2.8534058869619403,US
761,2018-10-01,4553.0,162602,2.800088559796312,US
762,2018-11-01,4665.0,162836,2.8648456115355323,US
763,2018-12-01,4627.0,163206,2.8350673382106053,US
764,2019-01-01,5198.0,162968,3.1895832310637675,US
765,2019-02-01,4349.0,163023,2.6677217325162705,US
766,2019-03-01,4523.0,162937,2.7759195271792168,US
767,2019-04-01,4694.0,162594,2.886945397739154,US
768,2019-05-01,4362.0,162756,2.680085526800855,US
769,2019-06-01,4395.0,163073,2.695112005052952,US
770,2019-07-01,3944.0,163533,2.4117456415524696,US
771,2019-08-01,4397.0,163763,2.68497768116119,US
772,2019-09-01,4312.0,164077,2.6280343984836385,US
773,2019-10-01,4353.0,164432,2.6472949304271673,US
774,2019-11-01,4218.0,164553,2.5633078704125722,US
775,2019-12-01,4134.0,164704,2.5099572566543618,US
776,2020-01-01,4290.0,164348,2.6103146980796845,US
777,2020-02-01,4389.0,164458,2.6687664935728272,US
778,2020-03-01,5782.0,162635,3.555200295139423,US
779,2020-04-01,10896.0,156308,6.970852419581851,US
780,2020-05-01,10631.0,158067,6.725629005421752,US
781,2020-06-01,9099.0,159900,5.690431519699812,US
782,2020-07-01,8413.0,160102,5.254775080885935,US
783,2020-08-01,7569.0,160722,4.709373950050398,US
784,2020-09-01,6275.0,160224,3.91639205112842,US
785,2020-10-01,6645.0,160944,4.128765284819565,US
786,2020-11-01,6599.0,160687,4.1067416779204295,US
787,2020-12-01,6132.0,160757,3.8144528698594775,US
788,2021-01-01,5962.0,160025,3.725667864396188,US
789,2021-02-01,6098.0,160187,3.806800801563173,US
790,2021-03-01,5815.0,160463,3.6238883730205713,US
791,2021-04-01,5243.0,160908,3.258383672657668,US
792,2021-05-01,5248.0,160740,3.2648998382481023,US
793,2021-06-01,4630.0,161192,2.8723509851605535,US
794,2021-07-01,4446.0,161486,2.7531798422154243,US
795,2021-08-01,4465.0,161535,2.7641068499086883,US
796,2021-09-01,4450.0,161544,2.7546674590204527,US
797,2021-10-01,4401.0,161740,2.721033757883022,US
798,2021-11-01,4271.0,162315,2.6313033299448603,US
799,2021-12-01,3936.0,162410,2.4234960901422324,US
800,2022-01-01,3735.0,163633,2.282546919020002,US
801,2022-02-01,4137.0,163862,2.5246854060123765,US
802,2022-03-01,4168.0,164301,2.5368074448725206,US
803,2022-04-01,4034.0,163950,2.460506251906069,US
804,2022-05-01,4317.0,164278,2.6278625257185992,US
805,2022-06-01,3631.0,164002,2.213997390275728,US
806,2022-07-01,3925.0,163990,2.39343862430636,US
807,2022-08-01,4140.0,164714,2.513447551513533,US
808,2022-09-01,3843.0,164619,2.3344814389590507,US
809,2022-10-01,3664.0,164646,2.22538051334378,US
810,2022-11-01,3688.0,164527,2.24157737027965,US
811,2022-12-01,3878.0,164966,2.350787434986603,US
812,2023-01-01,4050.0,165832,2.442230691302041,US
813,2023-02-01,4067.0,166251,2.4463010748807528,US
0,2002-01-01 00:00:00,2292.897,27797,8.248721085009175,UK
1,2002-04-01 00:00:00,2340.576,27933,8.37925034904951,UK
2,2002-07-01 00:00:00,2434.227,27935,8.713896545552174,UK
3,2002-10-01 00:00:00,2301.72,28110,8.188260405549626,UK
4,2003-01-01 00:00:00,2288.03,28099,8.142745293426813,UK
5,2003-04-01 00:00:00,2288.392,28226,8.107390349323317,UK
6,2003-07-01 00:00:00,2399.196,28256,8.490925821064552,UK
7,2003-10-01 00:00:00,2354.459,28304,8.318467354437535,UK
8,2004-01-01 00:00:00,2337.039,28459,8.211950525317123,UK
9,2004-04-01 00:00:00,2242.884,28470,7.878061116965227,UK
10,2004-07-01 00:00:00,2358.718,28518,8.270979732099025,UK
11,2004-10-01 00:00:00,2269.537,28673,7.91524081888885,UK
12,2005-01-01 00:00:00,2301.581,28789,7.994654208204523,UK
13,2005-04-01 00:00:00,2341.483,28802,8.129584751058955,UK
14,2005-07-01 00:00:00,2400.561,28928,8.298399474557524,UK
15,2005-10-01 00:00:00,2356.61,28880,8.160006925207757,UK
16,2006-01-01 00:00:00,2458.925,29048,8.465040622418067,UK
17,2006-04-01 00:00:00,2406.858,29106,8.269284683570397,UK
18,2006-07-01 00:00:00,2611.707,29183,8.949412329095706,UK
19,2006-10-01 00:00:00,2543.38,29214,8.706031354829877,UK
20,2007-01-01 00:00:00,2601.505,29194,8.91109474549565,UK
21,2007-04-01 00:00:00,2486.814,29322,8.481051770002047,UK
22,2007-07-01 00:00:00,2707.353,29420,9.202423521414005,UK
23,2007-10-01 00:00:00,2650.646,29576,8.962151744657831,UK
24,2008-01-01 00:00:00,2730.254,29684,9.197729416520684,UK
25,2008-04-01 00:00:00,2649.936,29722,8.915739183096697,UK
26,2008-07-01 00:00:00,2879.512,29580,9.734658553076404,UK
27,2008-10-01 00:00:00,2951.498,29528,9.995590625846654,UK
28,2009-01-01 00:00:00,3208.916,29366,10.927317305727712,UK
29,2009-04-01 00:00:00,3309.364,29087,11.377467597208375,UK
30,2009-07-01 00:00:00,3495.641,29069,12.025322508514225,UK
31,2009-10-01 00:00:00,3389.01,29102,11.645282111195106,UK
32,2010-01-01 00:00:00,3478.573,29013,11.989704615172508,UK
33,2010-04-01 00:00:00,3434.3,29192,11.764524527267744,UK
34,2010-07-01 00:00:00,3771.081,29385,12.833353751914242,UK
35,2010-10-01 00:00:00,3684.193,29324,12.563746419315239,UK
36,2011-01-01 00:00:00,3633.352,29441,12.341129717061241,UK
37,2011-04-01 00:00:00,3538.187,29447,12.015441301321017,UK
38,2011-07-01 00:00:00,3691.973,29281,12.608766777090946,UK
39,2011-10-01 00:00:00,3715.711,29342,12.663455115534045,UK
40,2012-01-01 00:00:00,3783.615,29454,12.845844367488285,UK
41,2012-04-01 00:00:00,3817.364,29667,12.867374523881756,UK
42,2012-07-01 00:00:00,3888.217,29759,13.065684330790686,UK
43,2012-10-01 00:00:00,3827.63,29908,12.79801390932192,UK
44,2013-01-01 00:00:00,3863.967,29839,12.949385033010492,UK
45,2013-04-01 00:00:00,3824.173,29938,12.773642193867325,UK
46,2013-07-01 00:00:00,3892.007,30106,12.927678867999735,UK
47,2013-10-01 00:00:00,3874.627,30290,12.791769560911192,UK
48,2014-01-01 00:00:00,3934.684,30532,12.887082405345213,UK
49,2014-04-01 00:00:00,3748.503,30705,12.208119198827553,UK
50,2014-07-01 00:00:00,3697.598,30833,11.99233937664191,UK
51,2014-10-01 00:00:00,3639.019,30944,11.760014865563598,UK
52,2015-01-01 00:00:00,3745.099,31156,12.020474386955964,UK
53,2015-04-01 00:00:00,3547.154,31110,11.401973641915783,UK
54,2015-07-01 00:00:00,3636.935,31333,11.607362844285579,UK
55,2015-10-01 00:00:00,3554.04,31540,11.26835764109068,UK
56,2016-01-01 00:00:00,3559.566,31572,11.274439376662865,UK
57,2016-04-01 00:00:00,3439.573,31747,10.834324503102655,UK
58,2016-07-01 00:00:00,3516.875,31810,11.05587865451116,UK
59,2016-10-01 00:00:00,3363.402,31845,10.561789919924635,UK
60,2017-01-01 00:00:00,3496.123,31946,10.943852125461717,UK
61,2017-04-01 00:00:00,3271.371,32065,10.202310930921566,UK
62,2017-07-01 00:00:00,3354.785,32063,10.463103889218102,UK
63,2017-10-01 00:00:00,3259.469,32154,10.137056042794054,UK
64,2018-01-01 00:00:00,3271.81,32343,10.115975636150017,UK
65,2018-04-01 00:00:00,3159.029,32386,9.754304329031063,UK
66,2018-07-01 00:00:00,3289.676,32431,10.143615676359039,UK
67,2018-10-01 00:00:00,3196.544,32597,9.806252109089792,UK
68,2019-01-01 00:00:00,3216.623,32697,9.83767012264122,UK
69,2019-04-01 00:00:00,3251.446,32811,9.90962177318582,UK
70,2019-07-01 00:00:00,3290.113,32753,10.04522639147559,UK
71,2019-10-01 00:00:00,3307.399,32934,10.042506224570353,UK
72,2020-01-01 00:00:00,3367.968,32984,10.210914382731021,UK
73,2020-04-01 00:00:00,3596.681,32560,11.046317567567568,UK
74,2020-07-01 00:00:00,3524.318,32333,10.900064949123188,UK
75,2020-10-01 00:00:00,3574.886,32159,11.116284710345472,UK
76,2021-01-01 00:00:00,3346.471,32165,10.40407585885279,UK
77,2021-04-01 00:00:00,3028.07,32303,9.373959075008512,UK
78,2021-07-01 00:00:00,3008.495,32592,9.230777491408935,UK
79,2021-10-01 00:00:00,3009.014,32567,9.239457119169712,UK
80,2022-01-01 00:00:00,2986.045,32632,9.150664991419466,UK
81,2022-04-01 00:00:00,2826.62,32792,8.61984630397658,UK
82,2022-07-01 00:00:00,2895.171,32739,8.8431870246495,UK
83,2022-10-01 00:00:00,3130.108,32813,9.539231402188157,UK
